membership_id,name,first_name,last_name,date_of_birth,email,mobile_no,above_18,valid_email,valid_mobile
Smith_c7677,Patty Smith,Patty,Smith,19750827,Patty_Smith@ross.com,59428759,true,true,true
Wang_04168,Sean Wang DDS,Sean,Wang,19600311,Sean_Wang@gibson-calderon.com,25595367,true,true,true
Estrada_0bf5b,Richard Estrada,Richard,Estrada,19921015,Richard_Estrada@malone.com,22821527,true,true,true
Cline_825fb,Jackson Cline,Jackson,Cline,19710121,Jackson_Cline@hudson.net,48056519,true,true,true
Williams_3e726,Allen Williams,Allen,Williams,19971109,Allen_Williams@sanchez.net,77991519,true,true,true
Flores_8a42c,Eric Flores,Eric,Flores,19820701,Eric_Flores@dillon-patterson.com,36641663,true,true,true
Richardson_ef158,Anna Richardson,Anna,Richardson,19670223,Anna_Richardson@perry.com,64083047,true,true,true
Gomez_876bf,Taylor Gomez,Taylor,Gomez,19821022,Taylor_Gomez@johnston.com,24007567,true,true,true
Rodriguez_93ac7,Jeremy Rodriguez,Jeremy,Rodriguez,19780828,Jeremy_Rodriguez@roth.com,32567967,true,true,true
Garcia_26b55,April Garcia,April,Garcia,19871231,April_Garcia@hall.com,24650447,true,true,true
Garza_40199,Sharon Garza,Sharon,Garza,20020830,Sharon_Garza@duran.com,59411567,true,true,true
Sanchez_364a7,Lori Sanchez,Lori,Sanchez,19980420,Lori_Sanchez@hardin-warner.net,76989167,true,true,true
Armstrong_e2fb8,Jason Armstrong,Jason,Armstrong,19921116,Jason_Armstrong@curtis.com,68514503,true,true,true
Allison_0c21b,Jessica Allison,Jessica,Allison,19721030,Jessica_Allison@harper.com,66821135,true,true,true
Hall_b302a,Arthur Hall MD,Arthur,Hall,19941103,Arthur_Hall@gonzalez.com,65493407,true,true,true
Meza_af7be,Sherry Meza,Sherry,Meza,19970904,Sherry_Meza@west.com,33491119,true,true,true
Turner_0303a,Matthew Turner,Matthew,Turner,19940707,Matthew_Turner@martinez.com,73291455,true,true,true
Randolph_76c7a,Sophia Randolph,Sophia,Randolph,19500807,Sophia_Randolph@leonard-ramirez.com,94510479,true,true,true
Samuel_16040,Dr. Samuel Thompson,Dr.,Samuel,19840403,Samuel_Thompson@sanchez-carroll.com,99063183,true,true,true
Lee_76cce,Zachary Lee,Zachary,Lee,19870704,Zachary_Lee@smith.com,36447751,true,true,true
Pittman_44c4d,Kara Pittman,Kara,Pittman,19680525,Kara_Pittman@gomez-vaughn.com,80502567,true,true,true
Anthony_ebd30,Gabriella Anthony,Gabriella,Anthony,19970106,Gabriella_Anthony@castro.com,89108943,true,true,true
Cantrell_b19eb,Misty Cantrell,Misty,Cantrell,19570303,Misty_Cantrell@flores-decker.com,79619831,true,true,true
Guerrero_d55cb,Kelly Guerrero,Kelly,Guerrero,19970203,Kelly_Guerrero@riggs.com,53052583,true,true,true
Nichols_9226a,David Nichols,David,Nichols,19620819,David_Nichols@rocha.com,62269575,true,true,true
Galloway_1a4d2,Shawn Galloway,Shawn,Galloway,19850419,Shawn_Galloway@johnston.com,17471367,true,true,true
Sanford_c7e24,Dennis Sanford,Dennis,Sanford,19800806,Dennis_Sanford@lopez-archer.com,88084407,true,true,true
Murphy_0851c,Amanda Murphy,Amanda,Murphy,20000730,Amanda_Murphy@bright-gibbs.net,30501351,true,true,true
Martin_35f44,Bobby Martin,Bobby,Martin,20000331,Bobby_Martin@jackson.com,43871143,true,true,true
Bishop_b0506,Vernon Bishop,Vernon,Bishop,19730710,Vernon_Bishop@clark-larson.com,78396487,true,true,true
Meyers_2871d,Phillip Meyers,Phillip,Meyers,19601022,Phillip_Meyers@mcneil-williams.com,95409119,true,true,true
Martin_6f48d,Robert Martin,Robert,Martin,19500718,Robert_Martin@crawford.com,78547615,true,true,true
Taylor_4fbc5,William Taylor,William,Taylor,19860131,William_Taylor@warner-morgan.net,42996791,true,true,true
Brady_bd431,Michael Brady,Michael,Brady,19500323,Michael_Brady@wells-sanders.com,65342263,true,true,true
Rhodes_df266,James Rhodes,James,Rhodes,19771010,James_Rhodes@green.com,27465295,true,true,true
Ramirez_5ff32,Ryan Ramirez,Ryan,Ramirez,19850425,Ryan_Ramirez@pham.com,67907071,true,true,true
Thompson_52cd0,Stephen Thompson,Stephen,Thompson,19511112,Stephen_Thompson@hess.com,75033031,true,true,true
Williams_446e0,Susan Williams,Susan,Williams,19760512,Susan_Williams@rowland.com,95688383,true,true,true
Johnson_d53b7,Dylan Johnson,Dylan,Johnson,19960107,Dylan_Johnson@montgomery.com,52048815,true,true,true
King_01148,Pamela King,Pamela,King,19930929,Pamela_King@soto.net,72515095,true,true,true
Smith_634dd,Robert Smith,Robert,Smith,19870424,Robert_Smith@joyce.com,76366335,true,true,true
Gonzalez_31e9a,Samantha Gonzalez,Samantha,Gonzalez,19980829,Samantha_Gonzalez@rios-fletcher.com,40456647,true,true,true
Walker_ba5b7,Jeffery Walker,Jeffery,Walker,19560624,Jeffery_Walker@watson.com,46574799,true,true,true
Alvarez_7bc5d,Todd Alvarez,Todd,Alvarez,19741125,Todd_Alvarez@vaughn.com,42011263,true,true,true
Willis_d0046,Brett Willis,Brett,Willis,19610908,Brett_Willis@gibbs.com,86342007,true,true,true
Wilkins_48a0a,Kristin Wilkins,Kristin,Wilkins,20020511,Kristin_Wilkins@harvey.com,84393855,true,true,true
Lynch_49515,Joshua Lynch,Joshua,Lynch,19650526,Joshua_Lynch@daniels.com,71572839,true,true,true
Williams_e69d3,Deborah Williams,Deborah,Williams,19841121,Deborah_Williams@howard.com,11357647,true,true,true
Martin_0575d,Timothy Martin,Timothy,Martin,20030105,Timothy_Martin@camacho-sparks.net,92008191,true,true,true
Bright_776f9,Sarah Bright,Sarah,Bright,19981115,Sarah_Bright@winters.com,24327743,true,true,true
Anderson_48071,Rebecca Anderson,Rebecca,Anderson,19730827,Rebecca_Anderson@carter-ramirez.com,27023231,true,true,true
Frost_5ba4a,Roger Frost,Roger,Frost,19700217,Roger_Frost@cole-robinson.com,94120431,true,true,true
Dunn_ae8e6,Eric Dunn,Eric,Dunn,19600712,Eric_Dunn@reese.com,13714207,true,true,true
Pierce_1096d,Heather Pierce,Heather,Pierce,19570813,Heather_Pierce@williams-edwards.com,32413999,true,true,true
Erickson_6b984,Jordan Erickson,Jordan,Erickson,19750802,Jordan_Erickson@martinez.com,64756655,true,true,true
Ali_f361f,Susan Ali,Susan,Ali,19990105,Susan_Ali@leach.com,74229143,true,true,true
Wilson_f0626,Richard Wilson,Richard,Wilson,19990703,Richard_Wilson@hernandez.com,36349175,true,true,true
Butler_a60e8,Jon Butler,Jon,Butler,19870318,Jon_Butler@blackwell.com,78121695,true,true,true
Phillips_01acd,Paul Phillips,Paul,Phillips,19970216,Paul_Phillips@vance.com,11213063,true,true,true
Parker_5ebc0,Adam Parker,Adam,Parker,19980722,Adam_Parker@yoder.com,27783391,true,true,true
Walker_a21be,Cory Walker,Cory,Walker,19621208,Cory_Walker@torres.net,37614935,true,true,true
Sanchez_cf3c9,Jeffrey Sanchez,Jeffrey,Sanchez,19950914,Jeffrey_Sanchez@jones-butler.com,73226919,true,true,true
Martin_7bf56,Bianca Martin,Bianca,Martin,19780205,Bianca_Martin@mitchell.com,86924127,true,true,true
King_2f8a4,Jeffrey King,Jeffrey,King,19770623,Jeffrey_King@hicks-boyd.com,68622991,true,true,true
Wiggins_c46e0,Melanie Wiggins,Melanie,Wiggins,20000214,Melanie_Wiggins@mcdonald-rice.com,91699615,true,true,true
Daniel_e0b77,Mr. Daniel Smith,Mr.,Daniel,19860308,Daniel_Smith@cummings.com,26613823,true,true,true
Lawrence_fbccd,Scott Lawrence,Scott,Lawrence,19760104,Scott_Lawrence@aguilar.com,59217375,true,true,true
Sosa_8de3e,James Sosa,James,Sosa,19571108,James_Sosa@robles-hawkins.com,47053447,true,true,true
Jackson_b5943,Jamie Jackson,Jamie,Jackson,19770526,Jamie_Jackson@carr.com,71512687,true,true,true
Hatfield_bf691,Jeffrey Hatfield,Jeffrey,Hatfield,19701014,Jeffrey_Hatfield@morgan-erickson.com,69441735,true,true,true
Phillips_c68d2,James Phillips,James,Phillips,19611019,James_Phillips@green-taylor.com,89808183,true,true,true
Moore_6e3b7,Jessica Moore,Jessica,Moore,19990509,Jessica_Moore@harrison-bautista.com,27155335,true,true,true
Anderson_6c12a,Richard Anderson,Richard,Anderson,19700405,Richard_Anderson@peck-franklin.com,24730327,true,true,true
Hahn_38908,Lauren Hahn,Lauren,Hahn,19720620,Lauren_Hahn@simmons.com,15132727,true,true,true
Edwards_96edd,Faith Edwards,Faith,Edwards,19770726,Faith_Edwards@price.net,44653063,true,true,true
Vargas_0365e,Laura Vargas,Laura,Vargas,19771009,Laura_Vargas@gallagher-young.com,40816943,true,true,true
Lewis_f236b,Sarah Lewis,Sarah,Lewis,19810225,Sarah_Lewis@wyatt.com,37945839,true,true,true
Huff_88806,Brad Huff,Brad,Huff,19611227,Brad_Huff@moore.com,28207575,true,true,true
Richardson_e102e,Alexander Richardson,Alexander,Richardson,19581025,Alexander_Richardson@perez.com,34675335,true,true,true
Moore_4788f,Matthew Moore,Matthew,Moore,20030707,Matthew_Moore@nichols.com,66391671,true,true,true
Howard_99bdb,Joseph Howard,Joseph,Howard,19520726,Joseph_Howard@williams.com,46746383,true,true,true
Richards_9e514,Anne Richards,Anne,Richards,19690906,Anne_Richards@mccarthy.com,84963423,true,true,true
Thomas_a6b2a,Derek Thomas,Derek,Thomas,19640724,Derek_Thomas@green.com,37329863,true,true,true
Bonilla_07c60,Joseph Bonilla,Joseph,Bonilla,19740508,Joseph_Bonilla@freeman.com,66912183,true,true,true
Barber_8e448,Gary Barber,Gary,Barber,19551112,Gary_Barber@roberts.net,44790343,true,true,true
Johnson_01409,Brian Johnson,Brian,Johnson,19810617,Brian_Johnson@carr.com,76631695,true,true,true
Peterson_d3043,Christine Peterson,Christine,Peterson,19741119,Christine_Peterson@hamilton.com,57627175,true,true,true
Bautista_f2b74,Christopher Bautista,Christopher,Bautista,19941202,Christopher_Bautista@rodgers.com,48834663,true,true,true
Krueger_f41b0,Barbara Krueger,Barbara,Krueger,19520322,Barbara_Krueger@strong.com,30905343,true,true,true
Oconnor_efac7,Monica Oconnor,Monica,Oconnor,19800701,Monica_Oconnor@gordon.com,97887295,true,true,true
Johnson_317e0,Peggy Johnson,Peggy,Johnson,19720328,Peggy_Johnson@berg.com,34795631,true,true,true
Herrera_2275e,Susan Herrera,Susan,Herrera,19550826,Susan_Herrera@gomez.com,24027735,true,true,true
Matthews_33105,Andrew Matthews,Andrew,Matthews,19880219,Andrew_Matthews@ramos-vaughn.com,90821359,true,true,true
Kennedy_e1e07,Erin Kennedy,Erin,Kennedy,19650109,Erin_Kennedy@hendricks-mason.com,35865639,true,true,true
Lopez_ad64b,Jason Lopez,Jason,Lopez,19740830,Jason_Lopez@wood-hill.com,11287127,true,true,true
Clark_850e2,Jerry Clark,Jerry,Clark,19950928,Jerry_Clark@perez.com,46859655,true,true,true
Kim_bc531,Alyssa Kim,Alyssa,Kim,19900811,Alyssa_Kim@beck-zuniga.com,59732335,true,true,true
Williams_225d6,Courtney Williams,Courtney,Williams,19990919,Courtney_Williams@garner.com,27598999,true,true,true
Nelson_49b51,Matthew Nelson,Matthew,Nelson,19580127,Matthew_Nelson@hunt.com,45515247,true,true,true
Moore_bd6b1,Robert Moore,Robert,Moore,19550415,Robert_Moore@young.com,19512199,true,true,true
Mcgee_84007,Nicole Mcgee,Nicole,Mcgee,19590303,Nicole_Mcgee@reyes.com,34539135,true,true,true
Hunter_c76d0,Danielle Hunter,Danielle,Hunter,19710811,Danielle_Hunter@ballard.com,99947039,true,true,true
Perez_016c7,Kelly Perez,Kelly,Perez,19600519,Kelly_Perez@ward-wilson.com,60614735,true,true,true
Odom_e8796,Mary Odom,Mary,Odom,19630813,Mary_Odom@morgan-reynolds.com,98738367,true,true,true
Gibson_a7c50,Arthur Gibson II,Arthur,Gibson,19610603,Arthur_Gibson@thompson-thompson.com,75411807,true,true,true
Miller_5a80b,Christopher Miller,Christopher,Miller,19850131,Christopher_Miller@kelly.com,16222031,true,true,true
Hopkins_7c2f6,Amber Hopkins,Amber,Hopkins,19750831,Amber_Hopkins@hall.com,15289039,true,true,true
Garcia_76b84,Nancy Garcia,Nancy,Garcia,19680305,Nancy_Garcia@lewis-hayden.com,62971303,true,true,true
Rhodes_a5121,Alex Rhodes,Alex,Rhodes,19780913,Alex_Rhodes@russell.net,75808519,true,true,true
Bennett_1ed65,Daniel Bennett,Daniel,Bennett,19730228,Daniel_Bennett@stephens-oneill.com,20776023,true,true,true
Woodard_0dee6,Kevin Woodard,Kevin,Woodard,19550809,Kevin_Woodard@lynch.com,30319911,true,true,true
Peterson_9e709,Alan Peterson,Alan,Peterson,19760129,Alan_Peterson@burch.com,88993663,true,true,true
Grant_46694,Jacob Grant,Jacob,Grant,19911204,Jacob_Grant@cummings.com,94196575,true,true,true
Johnson_fcba1,Gabrielle Johnson,Gabrielle,Johnson,19581006,Gabrielle_Johnson@serrano.com,35424207,true,true,true
Morales_0598c,Caleb Morales,Caleb,Morales,19660329,Caleb_Morales@collins.com,69459679,true,true,true
Dominguez_e2663,James Dominguez,James,Dominguez,19881205,James_Dominguez@black.com,49527207,true,true,true
Cardenas_35ae4,Kathryn Cardenas,Kathryn,Cardenas,19830508,Kathryn_Cardenas@skinner.com,81016239,true,true,true
Santiago_5cbec,Jeffrey Santiago,Jeffrey,Santiago,19750228,Jeffrey_Santiago@duncan.com,93827623,true,true,true
Mclaughlin_b2423,Andrew Mclaughlin,Andrew,Mclaughlin,19730514,Andrew_Mclaughlin@fitzpatrick-lucas.com,66417719,true,true,true
Bryan_e9e42,Mr. Bryan Porter,Mr.,Bryan,19570214,Bryan_Porter@elliott.com,88089671,true,true,true
Smith_750a9,Brendan Smith,Brendan,Smith,19580516,Brendan_Smith@williams.com,67839775,true,true,true
Hernandez_f3251,Jeffrey Hernandez,Jeffrey,Hernandez,19891231,Jeffrey_Hernandez@mcdaniel.com,76263607,true,true,true
Miller_375ad,Michael Miller,Michael,Miller,19640520,Michael_Miller@taylor-moore.com,17581687,true,true,true
Newman_069d1,Theresa Newman,Theresa,Newman,19941129,Theresa_Newman@perry-scott.com,36575799,true,true,true
Romero_7ffde,Paul Romero,Paul,Romero,19601007,Paul_Romero@middleton-jones.com,98843943,true,true,true
Choi_e37de,Janet Choi MD,Janet,Choi,19860718,Janet_Choi@neal.com,66675695,true,true,true
Bender_b8ade,Mark Bender,Mark,Bender,19690911,Mark_Bender@oneal-wilkins.com,27354911,true,true,true
Brown_b08b0,Abigail Brown,Abigail,Brown,19801008,Abigail_Brown@jones-underwood.com,15726143,true,true,true
Dominguez_821d7,Antonio Dominguez,Antonio,Dominguez,19801115,Antonio_Dominguez@nichols.com,75861007,true,true,true
Morris_1057d,Tony Morris,Tony,Morris,19700805,Tony_Morris@davis.com,33280551,true,true,true
Carlson_d8db2,Randy Carlson,Randy,Carlson,19550530,Randy_Carlson@rivera.com,51211679,true,true,true
Pierce_7e42c,Mitchell Pierce,Mitchell,Pierce,20010824,Mitchell_Pierce@houston-conway.net,96845551,true,true,true
West_0afba,Angela West,Angela,West,19810427,Angela_West@anderson-fitzgerald.com,59397207,true,true,true
Peters_c9aea,Kevin Peters,Kevin,Peters,19670206,Kevin_Peters@edwards.com,28855487,true,true,true
Conway_b14b9,Benjamin Conway,Benjamin,Conway,19551228,Benjamin_Conway@burton-paul.com,23338319,true,true,true
Stewart_5a9fe,Andrew Stewart,Andrew,Stewart,19510212,Andrew_Stewart@wong.com,19799879,true,true,true
Jones_e27fe,Brenda Jones,Brenda,Jones,19550804,Brenda_Jones@lang.com,62608823,true,true,true
Bailey_5c8a5,Elizabeth Bailey,Elizabeth,Bailey,19630101,Elizabeth_Bailey@stephenson-arnold.com,20218071,true,true,true
Levy_b4299,Kelly Levy,Kelly,Levy,19940508,Kelly_Levy@barajas.com,74468255,true,true,true
Burton_e624b,Thomas Burton,Thomas,Burton,19750419,Thomas_Burton@dunn-avery.net,14613071,true,true,true
Peterson_c41f4,Paul Peterson,Paul,Peterson,20021225,Paul_Peterson@bullock.com,59148863,true,true,true
Reilly_1c829,Michael Reilly,Michael,Reilly,19720514,Michael_Reilly@cooper.net,33876967,true,true,true
Martinez_d6f6b,Alejandra Martinez,Alejandra,Martinez,19791221,Alejandra_Martinez@jones.com,87381327,true,true,true
Sanders_e813f,Timothy Sanders,Timothy,Sanders,19521003,Timothy_Sanders@harrell.com,63453583,true,true,true
Little_c16bd,Latoya Little,Latoya,Little,19780807,Latoya_Little@martinez.com,43404335,true,true,true
Harvey_119d2,Sarah Harvey,Sarah,Harvey,19600331,Sarah_Harvey@martin-smith.com,58520471,true,true,true
Ortiz_84be0,Melissa Ortiz,Melissa,Ortiz,19580729,Melissa_Ortiz@lee-malone.com,49637727,true,true,true
Hernandez_bcb5b,Brooke Hernandez,Brooke,Hernandez,19911114,Brooke_Hernandez@benitez.com,97309975,true,true,true
Livingston_19295,Lisa Livingston,Lisa,Livingston,19500423,Lisa_Livingston@glover.com,20519415,true,true,true
Mason_6bc9b,Eugene Mason,Eugene,Mason,19781213,Eugene_Mason@gardner.com,47810855,true,true,true
Cunningham_12799,Daniel Cunningham,Daniel,Cunningham,19730326,Daniel_Cunningham@cooper.com,78657983,true,true,true
Smith_894dd,Alex Smith,Alex,Smith,20020503,Alex_Smith@johnson.com,58965703,true,true,true
Vargas_ed53f,Jessica Vargas,Jessica,Vargas,19810517,Jessica_Vargas@miller-price.net,48925903,true,true,true
Clark_92a9e,Olivia Clark,Olivia,Clark,19741001,Olivia_Clark@wade-roberson.com,67793735,true,true,true
Carney_0d73a,Cathy Carney,Cathy,Carney,19970522,Cathy_Carney@williams.net,31104151,true,true,true
Baldwin_b3439,Haley Baldwin,Haley,Baldwin,19650413,Haley_Baldwin@bush-wolfe.com,31940631,true,true,true
Wilson_51998,Alexander Wilson,Alexander,Wilson,19881111,Alexander_Wilson@barron-garcia.com,13893319,true,true,true
Cole_2b0a2,April Cole,April,Cole,19610622,April_Cole@vargas.com,65186503,true,true,true
Riley_3e1f8,Holly Riley,Holly,Riley,19740728,Holly_Riley@stokes.com,55620431,true,true,true
Poole_23f28,Jeffrey Poole,Jeffrey,Poole,19570204,Jeffrey_Poole@cross.com,82077439,true,true,true
Poole_c5b79,Rachel Poole,Rachel,Poole,19760708,Rachel_Poole@jones.net,35095087,true,true,true
Ward_57d0c,Sheena Ward,Sheena,Ward,19730926,Sheena_Ward@wilson-mcbride.com,96834175,true,true,true
Smith_9f8dc,Cynthia Smith,Cynthia,Smith,19510905,Cynthia_Smith@smith.com,48760255,true,true,true
Clayton_7f5be,Kevin Clayton,Kevin,Clayton,19750708,Kevin_Clayton@miller.com,25081071,true,true,true
Coleman_db259,Sarah Coleman,Sarah,Coleman,19500119,Sarah_Coleman@novak.com,37411775,true,true,true
Becker_dd317,Cody Becker,Cody,Becker,19601216,Cody_Becker@hansen.com,76003567,true,true,true
Molly_4ae09,Miss Molly Miller,Miss,Molly,19771105,Molly_Miller@king-kelly.net,99947663,true,true,true
Bailey_fac5d,Craig Bailey,Craig,Bailey,19970713,Craig_Bailey@hancock-brown.com,33032303,true,true,true
Gray_00c0a,Patricia Gray,Patricia,Gray,19660319,Patricia_Gray@dawson.com,18281751,true,true,true
Rivera_6a7ce,Robert Rivera DVM,Robert,Rivera,19500722,Robert_Rivera@gibson.com,35020847,true,true,true
Michelle_afe1c,Miss Michelle Lewis,Miss,Michelle,19830121,Michelle_Lewis@wiggins-thornton.com,64700455,true,true,true
Owens_4cd37,John Owens,John,Owens,19670424,John_Owens@callahan.com,71230983,true,true,true
Smith_313dd,Sarah Smith,Sarah,Smith,19680804,Sarah_Smith@kirk.com,22702359,true,true,true
Lucas_94653,Nancy Lucas,Nancy,Lucas,19830706,Nancy_Lucas@aguilar.com,91477863,true,true,true
Murray_a46c7,Christina Murray,Christina,Murray,19791217,Christina_Murray@collins-day.com,35027583,true,true,true
Berry_c02ad,Emma Berry,Emma,Berry,19940107,Emma_Berry@charles.com,34612959,true,true,true
Gross_2742d,Christopher Gross,Christopher,Gross,20031114,Christopher_Gross@grimes.net,49217831,true,true,true
Hawkins_8aa4f,Jason Hawkins,Jason,Hawkins,19541001,Jason_Hawkins@adams-hunter.com,31750255,true,true,true
Rodriguez_84bf3,Jeffrey Rodriguez,Jeffrey,Rodriguez,19690718,Jeffrey_Rodriguez@johnson-white.com,29947599,true,true,true
Miller_84bb3,Christina Miller,Christina,Miller,19530425,Christina_Miller@marshall-lucas.com,92153503,true,true,true
Miller_208dd,Maria Miller,Maria,Miller,19941221,Maria_Miller@roberts.com,86317751,true,true,true
Davis_3a81f,Eileen Davis,Eileen,Davis,19520404,Eileen_Davis@knox.com,19544735,true,true,true
Miller_4e2a7,Harry Miller,Harry,Miller,19890613,Harry_Miller@warner-jackson.com,63478047,true,true,true
Montes_29eaa,Ellen Montes,Ellen,Montes,19610714,Ellen_Montes@sellers.com,16519759,true,true,true
Mclean_3b78d,Gregory Mclean,Gregory,Mclean,19610801,Gregory_Mclean@valencia.com,38860951,true,true,true
Spencer_071ed,Angela Spencer,Angela,Spencer,19980502,Angela_Spencer@lopez.com,18410783,true,true,true
Price_fb35b,Christina Price,Christina,Price,19860508,Christina_Price@kennedy-tran.com,65381695,true,true,true
Randall_fe7f8,Amber Randall,Amber,Randall,19520910,Amber_Randall@boyd-freeman.net,60506343,true,true,true
Morris_f9657,Matthew Morris,Matthew,Morris,19981111,Matthew_Morris@boyle-novak.com,49822607,true,true,true
Blackburn_0c5fb,Cindy Blackburn,Cindy,Blackburn,20001008,Cindy_Blackburn@bolton.net,86098071,true,true,true
Jacobson_496c2,Matthew Jacobson,Matthew,Jacobson,19510412,Matthew_Jacobson@bishop-thomas.com,99110191,true,true,true
Jones_c6f5d,Stacy Jones,Stacy,Jones,19940909,Stacy_Jones@perez.com,71998399,true,true,true
Zimmerman_881d6,Scott Zimmerman,Scott,Zimmerman,19560130,Scott_Zimmerman@fischer.com,70071511,true,true,true
Silva_fff90,Dakota Silva,Dakota,Silva,19790710,Dakota_Silva@barker-miller.com,41853599,true,true,true
Spencer_d5b01,Jacob Spencer MD,Jacob,Spencer,19620226,Jacob_Spencer@jefferson.net,41992359,true,true,true
Oliver_94edc,Matthew Oliver,Matthew,Oliver,19720423,Matthew_Oliver@mitchell.com,14016935,true,true,true
Maddox_6974f,Roger Maddox,Roger,Maddox,19810426,Roger_Maddox@richards.com,86988519,true,true,true
Gutierrez_c61e8,Bryan Gutierrez,Bryan,Gutierrez,19881118,Bryan_Gutierrez@short-huerta.net,84795039,true,true,true
Schultz_5fff4,Peter Schultz,Peter,Schultz,19570829,Peter_Schultz@shah.com,78301895,true,true,true
Burke_a32e6,Justin Burke,Justin,Burke,19960212,Justin_Burke@johnson.com,43401655,true,true,true
Ramsey_4c3e8,Sarah Ramsey,Sarah,Ramsey,19640622,Sarah_Ramsey@hayes.com,63376279,true,true,true
Chang_e27c8,Michael Chang,Michael,Chang,19900209,Michael_Chang@watkins.com,99632783,true,true,true
Hughes_bf91b,Pamela Hughes,Pamela,Hughes,19570116,Pamela_Hughes@rivas-garza.com,32117783,true,true,true
Morris_25892,Jimmy Morris,Jimmy,Morris,19640120,Jimmy_Morris@hall-watkins.com,31836895,true,true,true
Romero_e5750,Lauren Romero,Lauren,Romero,20020425,Lauren_Romero@davis.com,50100783,true,true,true
Jones_2b07e,Adam Jones,Adam,Jones,19570107,Adam_Jones@kline-reeves.com,83246639,true,true,true
Murphy_5dc4e,Matthew Murphy,Matthew,Murphy,19600216,Matthew_Murphy@graham.com,18189831,true,true,true
Arroyo_a6982,Jessica Arroyo,Jessica,Arroyo,20021019,Jessica_Arroyo@flores-evans.com,24971015,true,true,true
Zuniga_a2d94,Caleb Zuniga,Caleb,Zuniga,19681028,Caleb_Zuniga@stone.net,36180711,true,true,true
Moreno_8048c,Cheyenne Moreno,Cheyenne,Moreno,19600912,Cheyenne_Moreno@hampton.com,61341887,true,true,true
Lopez_93fe3,Courtney Lopez,Courtney,Lopez,19710810,Courtney_Lopez@sanders.com,35323391,true,true,true
Williamson_2b72a,Kenneth Williamson,Kenneth,Williamson,19540310,Kenneth_Williamson@perez.com,36169599,true,true,true
Browning_1f631,Bruce Browning,Bruce,Browning,19631113,Bruce_Browning@robertson-baldwin.com,22984503,true,true,true
Gilbert_cba39,Shannon Gilbert,Shannon,Gilbert,19920613,Shannon_Gilbert@brown-schaefer.com,34472903,true,true,true
Brown_cde99,Amanda Brown,Amanda,Brown,19541218,Amanda_Brown@williams.com,52400391,true,true,true
Gomez_010a6,Riley Gomez,Riley,Gomez,19810211,Riley_Gomez@hoffman.com,20838807,true,true,true
Price_e8f96,Shelby Price,Shelby,Price,19860807,Shelby_Price@fuller.net,74350543,true,true,true
Harris_fc222,Scott Harris,Scott,Harris,19901214,Scott_Harris@mullins.com,36307567,true,true,true
Franklin_f8d94,Bonnie Franklin,Bonnie,Franklin,19880714,Bonnie_Franklin@gillespie.com,22008807,true,true,true
Morris_73a97,Ashley Morris,Ashley,Morris,20021001,Ashley_Morris@marshall.net,13085855,true,true,true
Jensen_676e2,Jack Jensen,Jack,Jensen,19601229,Jack_Jensen@kent-williamson.net,93571087,true,true,true
Armstrong_f79a4,Daniel Armstrong,Daniel,Armstrong,19820714,Daniel_Armstrong@brown.com,18991247,true,true,true
Donovan_6c619,Susan Donovan,Susan,Donovan,19690130,Susan_Donovan@jordan-anderson.com,85222335,true,true,true
Powell_4f74d,Michael Powell,Michael,Powell,19941127,Michael_Powell@mccall.com,63894311,true,true,true
Lowe_73be1,Alexander Lowe,Alexander,Lowe,19610508,Alexander_Lowe@morris.com,93074023,true,true,true
Wilson_6845c,Aaron Wilson,Aaron,Wilson,19870517,Aaron_Wilson@burke-benton.net,75053391,true,true,true
Lee_d3d5c,Samuel Lee,Samuel,Lee,19740902,Samuel_Lee@gardner-rodriguez.net,57636831,true,true,true
Weaver_feb81,Jennifer Weaver,Jennifer,Weaver,19781015,Jennifer_Weaver@patterson.com,74152151,true,true,true
Hamilton_f2276,Leonard Hamilton,Leonard,Hamilton,19880229,Leonard_Hamilton@brown.com,76082775,true,true,true
Phillips_608c9,Kathy Phillips,Kathy,Phillips,19841216,Kathy_Phillips@floyd.com,57829247,true,true,true
Jimenez_5ed59,Jennifer Jimenez,Jennifer,Jimenez,19921121,Jennifer_Jimenez@morgan.com,59592559,true,true,true
Lawson_6d37f,Victoria Lawson,Victoria,Lawson,19540412,Victoria_Lawson@snyder.com,24045823,true,true,true
Martinez_bc0fc,Michael Martinez,Michael,Martinez,19521107,Michael_Martinez@hogan.net,40271975,true,true,true
Paul_f903f,Dr. Paul Jones,Dr.,Paul,19940215,Paul_Jones@clark-irwin.com,91301999,true,true,true
Tran_40aaa,Danielle Tran,Danielle,Tran,19880826,Danielle_Tran@mann.com,85246679,true,true,true
Freeman_35a3d,Jeff Freeman,Jeff,Freeman,20030520,Jeff_Freeman@guzman.com,13590655,true,true,true
Jones_cdd9f,Marissa Jones,Marissa,Jones,19580806,Marissa_Jones@lewis.net,32094119,true,true,true
Roy_57ef7,Elijah Roy,Elijah,Roy,19870705,Elijah_Roy@jones-baldwin.com,57159015,true,true,true
Simpson_7383f,Courtney Simpson,Courtney,Simpson,19731103,Courtney_Simpson@preston-cantrell.com,77314887,true,true,true
Hopkins_56d12,Kimberly Hopkins,Kimberly,Hopkins,19931022,Kimberly_Hopkins@adams.com,67364511,true,true,true
King_4ae33,William King,William,King,19841115,William_King@cline-allen.com,21561215,true,true,true
Robertson_e101e,Stephanie Robertson,Stephanie,Robertson,20020508,Stephanie_Robertson@owen-rodriguez.com,75259367,true,true,true
Hill_bd6cc,Rickey Hill,Rickey,Hill,19640430,Rickey_Hill@parker-cohen.com,56465207,true,true,true
Stewart_40f40,Erika Stewart,Erika,Stewart,19851226,Erika_Stewart@solis.com,83552695,true,true,true
Johnson_5dcd5,Christina Johnson,Christina,Johnson,20010622,Christina_Johnson@clark.com,30262983,true,true,true
Wells_5c2c0,Kelli Wells,Kelli,Wells,19540308,Kelli_Wells@jones.com,27406215,true,true,true
Archer_c6232,Nathan Archer,Nathan,Archer,19560723,Nathan_Archer@gray.com,72954367,true,true,true
Kline_6fe75,Michael Kline,Michael,Kline,19650623,Michael_Kline@phelps-alvarez.com,20968343,true,true,true
Rodriguez_1eec6,Joshua Rodriguez,Joshua,Rodriguez,19530317,Joshua_Rodriguez@thornton-benitez.com,27953967,true,true,true
Rodriguez_a7ea3,James Rodriguez,James,Rodriguez,19810717,James_Rodriguez@logan.com,50981423,true,true,true
Ortega_7f647,Robert Ortega,Robert,Ortega,19600316,Robert_Ortega@perez.com,57040695,true,true,true
Ruiz_e89df,Teresa Ruiz,Teresa,Ruiz,19510904,Teresa_Ruiz@holmes.com,22432447,true,true,true
Mejia_10b0a,Madison Mejia,Madison,Mejia,19530323,Madison_Mejia@sims.com,73824679,true,true,true
Bailey_6dd20,James Bailey,James,Bailey,19860710,James_Bailey@flynn.net,26146743,true,true,true
Perry_e8625,Mary Perry,Mary,Perry,19730808,Mary_Perry@williams.net,57879711,true,true,true
Jones_85733,Crystal Jones,Crystal,Jones,19620914,Crystal_Jones@webb.com,39588047,true,true,true
Brown_9035e,Aaron Brown,Aaron,Brown,19860502,Aaron_Brown@yates.com,43815191,true,true,true
Barajas_c09f8,Tanya Barajas,Tanya,Barajas,19740430,Tanya_Barajas@davis.com,92793871,true,true,true
Rasmussen_0fcc4,Samantha Rasmussen,Samantha,Rasmussen,19940621,Samantha_Rasmussen@stokes-leon.com,26634223,true,true,true
Martin_92713,Vincent Martin,Vincent,Martin,19840124,Vincent_Martin@wright-lee.com,55457087,true,true,true
Crawford_a2a35,Tony Crawford,Tony,Crawford,19870818,Tony_Crawford@moore.com,15997263,true,true,true
Sullivan_7d828,Randy Sullivan,Randy,Sullivan,19611025,Randy_Sullivan@perez.net,15665967,true,true,true
Thompson_5e06b,Kimberly Thompson,Kimberly,Thompson,20001112,Kimberly_Thompson@brewer-walters.net,88531623,true,true,true
Compton_395a9,Martin Compton,Martin,Compton,19840602,Martin_Compton@morgan.com,42037887,true,true,true
Brown_8baf8,Tracy Brown,Tracy,Brown,19720823,Tracy_Brown@joyce.com,26044711,true,true,true
Preston_b78bc,Leslie Preston,Leslie,Preston,19721005,Leslie_Preston@johns.com,71892959,true,true,true
Parker_311d6,Jay Parker,Jay,Parker,19930930,Jay_Parker@fowler.net,57583783,true,true,true
Williams_44d67,Lance Williams,Lance,Williams,19730807,Lance_Williams@williams.net,19310567,true,true,true
Allen_b02ca,Kathleen Allen,Kathleen,Allen,19860113,Kathleen_Allen@cook.com,38829559,true,true,true
Lamb_5dc6d,Marie Lamb,Marie,Lamb,19790410,Marie_Lamb@hampton.com,26841263,true,true,true
Flores_b1169,Nathan Flores,Nathan,Flores,19790904,Nathan_Flores@gibbs.net,86883135,true,true,true
Caldwell_aa013,Ashley Caldwell,Ashley,Caldwell,19880903,Ashley_Caldwell@mason-bryant.com,13420663,true,true,true
Martin_caab2,Renee Martin,Renee,Martin,19810421,Renee_Martin@crawford-walker.com,55803823,true,true,true
Parker_0793e,Keith Parker,Keith,Parker,19640826,Keith_Parker@moore.com,40120471,true,true,true
Levy_bef91,Melissa Levy,Melissa,Levy,19500330,Melissa_Levy@arroyo.com,51842935,true,true,true
Powell_fe4b6,Brandon Powell,Brandon,Powell,19760606,Brandon_Powell@craig-gonzales.net,43375815,true,true,true
Stone_1d9aa,Kimberly Stone,Kimberly,Stone,19940512,Kimberly_Stone@murphy-bryant.com,25323999,true,true,true
Jones_575ba,Adam Jones,Adam,Jones,19730316,Adam_Jones@ashley.com,55082935,true,true,true
Andersen_61066,Elizabeth Andersen,Elizabeth,Andersen,19740123,Elizabeth_Andersen@baker.com,69096535,true,true,true
Lutz_6aa1c,Destiny Lutz,Destiny,Lutz,19941204,Destiny_Lutz@thompson-wright.com,87853607,true,true,true
Allen_54dd1,Brandy Allen,Brandy,Allen,19810113,Brandy_Allen@hardy-griffin.com,92130799,true,true,true
Decker_0c2ca,Stephanie Decker,Stephanie,Decker,19770905,Stephanie_Decker@barrett.net,92626639,true,true,true
Keller_86f7a,Michelle Keller,Michelle,Keller,19510706,Michelle_Keller@johnson.com,56139711,true,true,true
Yates_d9866,Stacey Yates,Stacey,Yates,19920812,Stacey_Yates@lewis.com,30115967,true,true,true
Lee_f9df7,Sue Lee,Sue,Lee,19860829,Sue_Lee@rojas.com,97367575,true,true,true
Long_850ab,Anna Long,Anna,Long,19740316,Anna_Long@coleman.com,52566967,true,true,true
Watson_6dc0c,Annette Watson,Annette,Watson,19580423,Annette_Watson@brown-brennan.com,67851175,true,true,true
Thomas_6cc50,James Thomas,James,Thomas,19520509,James_Thomas@torres.net,58718239,true,true,true
Olson_50aa7,Kelli Olson,Kelli,Olson,19960723,Kelli_Olson@campbell.net,50265023,true,true,true
Reid_1bdd4,Becky Reid,Becky,Reid,19751027,Becky_Reid@vargas.net,37025287,true,true,true
Shaw_afe1c,Wesley Shaw,Wesley,Shaw,19830121,Wesley_Shaw@henderson-gibson.com,76819471,true,true,true
Boyd_94bd7,Pamela Boyd,Pamela,Boyd,19680628,Pamela_Boyd@freeman.com,25030751,true,true,true
Lewis_644d9,Jeremy Lewis,Jeremy,Lewis,19530107,Jeremy_Lewis@murray.com,44159519,true,true,true
Garza_be6d1,Jennifer Garza,Jennifer,Garza,19890603,Jennifer_Garza@herrera-klein.com,31999455,true,true,true
Perry_b530f,Joseph Perry,Joseph,Perry,19510616,Joseph_Perry@tucker.com,16254071,true,true,true
Herman_0ab62,Heather Herman,Heather,Herman,19710606,Heather_Herman@williams-lindsey.com,97877423,true,true,true
Lopez_ea347,Laura Lopez,Laura,Lopez,19901221,Laura_Lopez@rodriguez.com,72627367,true,true,true
Barnes_f462c,Reginald Barnes,Reginald,Barnes,19730214,Reginald_Barnes@walker-robinson.com,19884399,true,true,true
Weaver_201e1,Robert Weaver,Robert,Weaver,19820218,Robert_Weaver@young-leonard.com,39131199,true,true,true
Martinez_204f4,Beth Martinez,Beth,Martinez,19681225,Beth_Martinez@johnson.com,87909191,true,true,true
Ware_0b5e6,Spencer Ware,Spencer,Ware,19801009,Spencer_Ware@montgomery-lane.com,74599951,true,true,true
Erickson_3df9d,Willie Erickson,Willie,Erickson,19910110,Willie_Erickson@bartlett.com,53673855,true,true,true
Nguyen_6a5e7,Daniel Nguyen,Daniel,Nguyen,19590903,Daniel_Nguyen@mccall.com,37673823,true,true,true
Martinez_7564a,Leonard Martinez,Leonard,Martinez,19560922,Leonard_Martinez@mcbride.com,14452319,true,true,true
Stephens_5a6e3,Robert Stephens,Robert,Stephens,20000619,Robert_Stephens@lopez.com,92784815,true,true,true
Chen_7d3b1,Daniel Chen,Daniel,Chen,19520716,Daniel_Chen@little.com,46750383,true,true,true
Dalton_32ce4,Samuel Dalton,Samuel,Dalton,19960916,Samuel_Dalton@marquez.com,75194711,true,true,true
Bennett_dcbc8,Heather Bennett,Heather,Bennett,20020105,Heather_Bennett@hamilton-blair.com,64795847,true,true,true
King_f3369,Joshua King,Joshua,King,20000601,Joshua_King@hale.net,99342223,true,true,true
Blake_e7660,Crystal Blake,Crystal,Blake,19701117,Crystal_Blake@parker.com,97878511,true,true,true
Evans_62a52,Amanda Evans,Amanda,Evans,19590224,Amanda_Evans@cox.com,92559519,true,true,true
Day_69b70,Sergio Day,Sergio,Day,19510531,Sergio_Day@guzman-garrett.com,27091295,true,true,true
Boyd_9e514,Julie Boyd,Julie,Boyd,19690906,Julie_Boyd@white-george.com,47949079,true,true,true
Watkins_c9964,Logan Watkins,Logan,Watkins,20000511,Logan_Watkins@hernandez.com,87081215,true,true,true
Ortiz_8f14e,Steven Ortiz,Steven,Ortiz,19670506,Steven_Ortiz@hamilton.com,15073183,true,true,true
Marquez_7aa36,Lisa Marquez,Lisa,Marquez,19710326,Lisa_Marquez@day-smith.com,18443671,true,true,true
Martin_82381,Jennifer Martin,Jennifer,Martin,19830527,Jennifer_Martin@moore.com,83212175,true,true,true
Chandler_4ab75,Arthur Chandler,Arthur,Chandler,19610210,Arthur_Chandler@martin.com,18438007,true,true,true
Hudson_31f1d,Ronald Hudson,Ronald,Hudson,19510310,Ronald_Hudson@carson.com,66192423,true,true,true
Lee_f2321,Jennifer Lee,Jennifer,Lee,19500401,Jennifer_Lee@guerra-lopez.com,35305031,true,true,true
Yoder_70108,Gregory Yoder,Gregory,Yoder,19530620,Gregory_Yoder@robinson-johnson.com,75705319,true,true,true
Harmon_69598,Carolyn Harmon,Carolyn,Harmon,19980124,Carolyn_Harmon@watts-horn.com,55977599,true,true,true
Christopher_7257b,Dr. Christopher Harrell,Dr.,Christopher,19700630,Christopher_Harrell@lindsey.com,52999479,true,true,true
Johnson_a67f3,Kevin Johnson,Kevin,Johnson,19930802,Kevin_Johnson@rogers.com,15154639,true,true,true
Harrison_087c8,Michael Harrison,Michael,Harrison,19510819,Michael_Harrison@franklin.com,29087871,true,true,true
Moore_c62aa,Terry Moore,Terry,Moore,19870615,Terry_Moore@barker-ayers.com,19828167,true,true,true
Rogers_656af,James Rogers,James,Rogers,19930704,James_Rogers@green.net,65821255,true,true,true
Tran_b0eca,Kathleen Tran,Kathleen,Tran,19740211,Kathleen_Tran@wilson.net,20044927,true,true,true
Martinez_ad61a,Bryan Martinez,Bryan,Martinez,19610604,Bryan_Martinez@bennett-mitchell.info,45478631,true,true,true
Conway_ae427,Jacqueline Conway,Jacqueline,Conway,19710617,Jacqueline_Conway@robinson-carson.com,91842383,true,true,true
Cole_92aa4,Maxwell Cole,Maxwell,Cole,19510203,Maxwell_Cole@larson.com,41796463,true,true,true
Williamson_2b72a,Bethany Williamson,Bethany,Williamson,19540310,Bethany_Williamson@flores.com,40227935,true,true,true
Wright_f1b73,Joseph Wright,Joseph,Wright,19570521,Joseph_Wright@powell.net,40768583,true,true,true
Bolton_06e0a,Heidi Bolton,Heidi,Bolton,19560616,Heidi_Bolton@spencer.com,58079023,true,true,true
Lewis_e0082,Daniel Lewis,Daniel,Lewis,19770205,Daniel_Lewis@robertson.com,48084439,true,true,true
Ramirez_63293,Dale Ramirez,Dale,Ramirez,19550323,Dale_Ramirez@patton.com,59875791,true,true,true
Sharp_19bdd,Carol Sharp,Carol,Sharp,19751203,Carol_Sharp@garcia-lamb.com,18014567,true,true,true
Buck_542b9,Joseph Buck,Joseph,Buck,19520311,Joseph_Buck@jacobs.com,34270063,true,true,true
Anderson_542fb,Lynn Anderson,Lynn,Anderson,19960113,Lynn_Anderson@williams-carter.com,75488911,true,true,true
Harris_526ca,Sarah Harris,Sarah,Harris,20010530,Sarah_Harris@thomas-sanchez.com,52442775,true,true,true
Owens_620f1,Victor Owens,Victor,Owens,19960815,Victor_Owens@collins.com,53064383,true,true,true
Koch_43971,Kimberly Koch,Kimberly,Koch,19870125,Kimberly_Koch@rodriguez.net,35893839,true,true,true
Obrien_00e34,Allison Obrien,Allison,Obrien,19620423,Allison_Obrien@bailey-sanders.com,81154631,true,true,true
Rogers_83dc9,John Rogers,John,Rogers,19710509,John_Rogers@oneill.com,21046575,true,true,true
Collins_120bd,Janet Collins,Janet,Collins,19840721,Janet_Collins@farrell.com,89424095,true,true,true
Lawson_a0aec,Kristin Lawson,Kristin,Lawson,19761101,Kristin_Lawson@salinas.com,36661711,true,true,true
Castaneda_7660a,James Castaneda,James,Castaneda,19640126,James_Castaneda@miller-hart.com,64715807,true,true,true
Ortiz_66abd,Robert Ortiz,Robert,Ortiz,19761108,Robert_Ortiz@saunders-hunter.com,80296223,true,true,true
Harper_709ac,Connie Harper,Connie,Harper,19950627,Connie_Harper@lewis.com,21369119,true,true,true
Burns_f2b3a,Debbie Burns,Debbie,Burns,19830806,Debbie_Burns@salinas.com,95570935,true,true,true
Preston_b6298,Gabriel Preston,Gabriel,Preston,19961120,Gabriel_Preston@black.com,88336263,true,true,true
Orozco_02d2b,Brandon Orozco,Brandon,Orozco,19870717,Brandon_Orozco@greene.com,59988495,true,true,true
Nguyen_6f546,Kari Nguyen,Kari,Nguyen,19991119,Kari_Nguyen@farley.com,47980591,true,true,true
Hill_2c87a,Brittany Hill,Brittany,Hill,19870605,Brittany_Hill@rogers-hoffman.com,90817791,true,true,true
Martinez_a7c33,Carrie Martinez,Carrie,Martinez,19740124,Carrie_Martinez@hendrix.com,96107743,true,true,true
White_e9960,Linda White,Linda,White,19751015,Linda_White@moore.com,84876711,true,true,true
Spencer_c21d7,Jake Spencer,Jake,Spencer,20020509,Jake_Spencer@murphy.com,53533879,true,true,true
Chan_f9d1e,Joseph Chan,Joseph,Chan,19660922,Joseph_Chan@hutchinson-gutierrez.com,19544079,true,true,true
Ali_a2746,Kathleen Ali,Kathleen,Ali,19960602,Kathleen_Ali@horn-rogers.com,45338687,true,true,true
Stephens_baaae,Danielle Stephens,Danielle,Stephens,19610929,Danielle_Stephens@miller.net,16838823,true,true,true
Schaefer_ff120,Brianna Schaefer,Brianna,Schaefer,19760312,Brianna_Schaefer@nelson-mcmahon.com,34700887,true,true,true
Morris_d143a,Angela Morris,Angela,Morris,19760207,Angela_Morris@murray.com,89409391,true,true,true
Smith_69b70,Jessica Smith,Jessica,Smith,19510531,Jessica_Smith@walsh-steele.com,97984639,true,true,true
Long_f0fca,Brenda Long,Brenda,Long,19510914,Brenda_Long@carter.net,45992583,true,true,true
Taylor_7a3e1,Megan Taylor,Megan,Taylor,19931005,Megan_Taylor@montgomery.com,12610975,true,true,true
Morales_3cabc,Kelly Morales,Kelly,Morales,19800227,Kelly_Morales@sanchez.com,44799815,true,true,true
Johnson_5c594,Sheri Johnson,Sheri,Johnson,19880422,Sheri_Johnson@lucas.com,34118127,true,true,true
Pacheco_7ccf5,Lori Pacheco,Lori,Pacheco,19620630,Lori_Pacheco@ayala.com,94662495,true,true,true
Schmidt_be25c,Sandra Schmidt,Sandra,Schmidt,19590711,Sandra_Schmidt@herrera.com,50638143,true,true,true
Rachel_bc827,Ms. Rachel Hill,Ms.,Rachel,19540212,Rachel_Hill@gutierrez.com,55824367,true,true,true
Case_1fe51,Emily Case,Emily,Case,19850508,Emily_Case@lewis.com,90216215,true,true,true
Alvarez_f00bd,Seth Alvarez,Seth,Alvarez,19800801,Seth_Alvarez@conrad.com,90929927,true,true,true
Reyes_0a636,Jose Reyes,Jose,Reyes,19700929,Jose_Reyes@garcia.com,94563263,true,true,true
Le_44e84,Zachary Le,Zachary,Le,19851028,Zachary_Le@whitaker.com,56441999,true,true,true
Anthony_91ec3,Rhonda Anthony,Rhonda,Anthony,19740915,Rhonda_Anthony@lawson.com,12850551,true,true,true
Hill_0d4d9,Joseph Hill,Joseph,Hill,20020923,Joseph_Hill@rodriguez-newton.com,89902687,true,true,true
Davis_dbcb2,Erin Davis,Erin,Davis,19600917,Erin_Davis@sanchez.net,22992863,true,true,true
Brown_1ebf8,Lucas Brown,Lucas,Brown,19891101,Lucas_Brown@miller.com,34675679,true,true,true
Garcia_72e9b,William Garcia,William,Garcia,19850912,William_Garcia@powell.com,25729991,true,true,true
Swanson_b3ea5,Lauren Swanson,Lauren,Swanson,19610921,Lauren_Swanson@pena-pierce.com,85204407,true,true,true
Frank_4dfb9,John Frank,John,Frank,19500519,John_Frank@martin.com,42691023,true,true,true
Schmidt_54bf2,Nicole Schmidt,Nicole,Schmidt,19651109,Nicole_Schmidt@stephens.com,86157423,true,true,true
Gray_15cd6,Nathan Gray,Nathan,Gray,19960618,Nathan_Gray@scott-gonzalez.com,48983767,true,true,true
Delgado_f68ba,Nichole Delgado,Nichole,Delgado,19720305,Nichole_Delgado@dixon-cruz.com,60338223,true,true,true
Rodriguez_3a35b,Marcus Rodriguez,Marcus,Rodriguez,19690511,Marcus_Rodriguez@jones.com,23424599,true,true,true
Solomon_23bae,Samuel Solomon,Samuel,Solomon,19871230,Samuel_Solomon@wolf.net,26166751,true,true,true
Miller_5c2c0,Katrina Miller,Katrina,Miller,19540308,Katrina_Miller@grimes.com,81240247,true,true,true
Conner_71970,Raymond Conner,Raymond,Conner,19970128,Raymond_Conner@oneal-johnson.com,95736583,true,true,true
Fuller_9068b,Lori Fuller,Lori,Fuller,19680101,Lori_Fuller@gordon.com,54288255,true,true,true
Wilson_da57e,Corey Wilson,Corey,Wilson,19531011,Corey_Wilson@hoover-hernandez.com,39467535,true,true,true
James_e7a3a,Holly James,Holly,James,19641104,Holly_James@macdonald.com,62732175,true,true,true
Mccarty_a4b9d,Alicia Mccarty,Alicia,Mccarty,19820916,Alicia_Mccarty@beasley.com,57669519,true,true,true
Christian_90eb3,Zoe Christian,Zoe,Christian,19990319,Zoe_Christian@grant.com,22170983,true,true,true
Watson_61db6,Nicholas Watson,Nicholas,Watson,19620403,Nicholas_Watson@williams.com,72181751,true,true,true
Wood_67f27,Victoria Wood,Victoria,Wood,19910622,Victoria_Wood@proctor-baker.com,13955959,true,true,true
Knight_10192,Jillian Knight,Jillian,Knight,19881108,Jillian_Knight@davenport.com,20417711,true,true,true
Fisher_27703,Ryan Fisher,Ryan,Fisher,19871030,Ryan_Fisher@fletcher.com,63505855,true,true,true
Howe_80a05,Stephanie Howe,Stephanie,Howe,19630509,Stephanie_Howe@allen.com,37283343,true,true,true
Kim_c0e4a,Kenneth Kim,Kenneth,Kim,19990505,Kenneth_Kim@duran.com,37818767,true,true,true
Macias_a4116,Andrew Macias,Andrew,Macias,19661013,Andrew_Macias@douglas.com,28232535,true,true,true
Huffman_fb25a,Elizabeth Huffman,Elizabeth,Huffman,19580918,Elizabeth_Huffman@zamora.com,15486151,true,true,true
Stone_9ab9f,Christina Stone,Christina,Stone,19930320,Christina_Stone@medina.com,34449775,true,true,true
Merritt_696fd,Alexander Merritt,Alexander,Merritt,19800913,Alexander_Merritt@butler.net,33574735,true,true,true
Sanders_e9c2f,Kelly Sanders,Kelly,Sanders,19520413,Kelly_Sanders@coleman.com,29703695,true,true,true
Jones_fae51,Matthew Jones,Matthew,Jones,20000615,Matthew_Jones@arnold.com,98616991,true,true,true
David_39e9f,Sarah David,Sarah,David,19981216,Sarah_David@collier.net,97218247,true,true,true
Barajas_62836,Carmen Barajas,Carmen,Barajas,19810526,Carmen_Barajas@smith.com,34685455,true,true,true
Johnson_5dcba,Angela Johnson,Angela,Johnson,19840827,Angela_Johnson@stewart.com,62439103,true,true,true
Sparks_a67f3,Melissa Sparks,Melissa,Sparks,19930802,Melissa_Sparks@sanchez-stevenson.com,27530863,true,true,true
Hill_e971e,Katherine Hill,Katherine,Hill,19830918,Katherine_Hill@tran.com,37709951,true,true,true
Hart_3b264,Kristin Hart,Kristin,Hart,19661217,Kristin_Hart@ortega.com,36255543,true,true,true
Ho_73551,Jacqueline Ho,Jacqueline,Ho,19610131,Jacqueline_Ho@henry.com,75359367,true,true,true
Knight_d46f2,Michael Knight,Michael,Knight,19870804,Michael_Knight@davidson.com,71412263,true,true,true
Arroyo_44022,Heather Arroyo,Heather,Arroyo,19790709,Heather_Arroyo@martinez.com,36165719,true,true,true
Larson_06714,Lori Larson,Lori,Larson,19630807,Lori_Larson@flowers.com,38397103,true,true,true
Vazquez_73e4f,David Vazquez,David,Vazquez,19901206,David_Vazquez@davila-beck.com,57160871,true,true,true
Hicks_5e5f2,Sherry Hicks,Sherry,Hicks,19611127,Sherry_Hicks@stout-nicholson.com,12514111,true,true,true
Davila_1977b,Sarah Davila,Sarah,Davila,19790906,Sarah_Davila@nash.com,46685303,true,true,true
Oneill_7278c,Karen Oneill,Karen,Oneill,19921004,Karen_Oneill@gomez.com,72265879,true,true,true
Mills_f511a,Nicholas Mills,Nicholas,Mills,19631001,Nicholas_Mills@williams.com,68844231,true,true,true
Montgomery_1a334,Jennifer Montgomery,Jennifer,Montgomery,19710715,Jennifer_Montgomery@estrada-cole.com,53834071,true,true,true
Bailey_13beb,Cynthia Bailey,Cynthia,Bailey,19790825,Cynthia_Bailey@oneill.com,48942719,true,true,true
Wright_fefcf,John Wright,John,Wright,19831019,John_Wright@harris.com,96650335,true,true,true
Brown_565a7,Sheila Brown,Sheila,Brown,19821128,Sheila_Brown@stevens-edwards.com,32490999,true,true,true
Moore_a6529,Lisa Moore,Lisa,Moore,19941119,Lisa_Moore@ramos.com,99493567,true,true,true
Newman_15a27,Julian Newman,Julian,Newman,19580313,Julian_Newman@haynes.com,49873159,true,true,true
Ferguson_fb458,Thomas Ferguson,Thomas,Ferguson,19591213,Thomas_Ferguson@guzman.com,28787319,true,true,true
Rodriguez_a9b99,Lauren Rodriguez,Lauren,Rodriguez,19931016,Lauren_Rodriguez@soto.com,27106623,true,true,true
Anderson_76323,Richard Anderson,Richard,Anderson,19580706,Richard_Anderson@white.com,66751511,true,true,true
Lee_7f12f,Jessica Lee,Jessica,Lee,19670124,Jessica_Lee@brown-baxter.com,89410823,true,true,true
Allen_7a4f2,Martin Allen,Martin,Allen,20020924,Martin_Allen@steele.com,99969439,true,true,true
Mitchell_06d3f,Angela Mitchell,Angela,Mitchell,19690105,Angela_Mitchell@moreno-evans.com,50190223,true,true,true
Sanchez_9f266,Derrick Sanchez,Derrick,Sanchez,19700424,Derrick_Sanchez@mitchell.com,97980535,true,true,true
Ellis_b9ff0,Christine Ellis,Christine,Ellis,19980617,Christine_Ellis@blackwell.com,69393823,true,true,true
Salinas_4cb46,Alyssa Salinas,Alyssa,Salinas,19981007,Alyssa_Salinas@robbins.com,41363847,true,true,true
Kevin_8cd29,Mr. Kevin Walsh,Mr.,Kevin,19920805,Kevin_Walsh@hamilton.net,63251375,true,true,true
Knox_d64ed,Kenneth Knox,Kenneth,Knox,19990626,Kenneth_Knox@zamora.com,47904991,true,true,true
Mitchell_1bdd4,Steve Mitchell,Steve,Mitchell,19751027,Steve_Mitchell@adkins-russell.com,98789479,true,true,true
Hendricks_a352c,Craig Hendricks,Craig,Hendricks,19951018,Craig_Hendricks@garcia-higgins.com,51721063,true,true,true
Kerr_a02d8,Ricky Kerr,Ricky,Kerr,19510625,Ricky_Kerr@gonzalez-martinez.com,43238807,true,true,true
Aguilar_d3661,Gloria Aguilar,Gloria,Aguilar,19690606,Gloria_Aguilar@dorsey-donaldson.com,69773231,true,true,true
Knight_7e064,Alexander Knight,Alexander,Knight,19740812,Alexander_Knight@doyle.com,41639975,true,true,true
Cross_36c08,Joseph Cross,Joseph,Cross,19530126,Joseph_Cross@mason-shaw.net,35750023,true,true,true
Joel_1466d,Dr. Joel Myers PhD,Dr.,Joel,19720920,Joel_Myers@smith-willis.net,49665991,true,true,true
Mckee_92c0e,Michael Mckee,Michael,Mckee,20000917,Michael_Mckee@gordon.com,87409327,true,true,true
Park_a639e,Roy Park,Roy,Park,19551029,Roy_Park@rodriguez-west.com,69451423,true,true,true
Castro_49d90,Jonathan Castro,Jonathan,Castro,19700409,Jonathan_Castro@sandoval.com,95059239,true,true,true
Carroll_78391,Richard Carroll,Richard,Carroll,19610526,Richard_Carroll@massey-gardner.com,61422551,true,true,true
Fletcher_e6fff,Michelle Fletcher,Michelle,Fletcher,19831024,Michelle_Fletcher@anderson.com,15665159,true,true,true
Murphy_ecd95,Carol Murphy,Carol,Murphy,19640317,Carol_Murphy@lowe.com,54241135,true,true,true
Russell_203e4,Michael Russell,Michael,Russell,19680308,Michael_Russell@orozco.com,24280095,true,true,true
Andrews_776f9,Shawna Andrews,Shawna,Andrews,19981115,Shawna_Andrews@freeman.com,12022295,true,true,true
Hernandez_3d7b1,Dana Hernandez,Dana,Hernandez,19940126,Dana_Hernandez@jackson.com,50236391,true,true,true
Harris_e20bd,Lauren Harris,Lauren,Harris,19780811,Lauren_Harris@long.com,42605007,true,true,true
Morales_867f3,Sean Morales,Sean,Morales,20030920,Sean_Morales@molina.com,50605207,true,true,true
Mendoza_fa60d,John Mendoza,John,Mendoza,19850519,John_Mendoza@mahoney.com,85845135,true,true,true
Mcdaniel_4de3f,Sierra Mcdaniel,Sierra,Mcdaniel,20030713,Sierra_Mcdaniel@mata.com,77274903,true,true,true
Smith_85c0b,Wendy Smith,Wendy,Smith,19700128,Wendy_Smith@smith-webb.com,60349279,true,true,true
Diaz_0bd1d,Leslie Diaz,Leslie,Diaz,19570430,Leslie_Diaz@thomas-shelton.com,57506727,true,true,true
Snyder_d3f05,Grant Snyder,Grant,Snyder,19731031,Grant_Snyder@gonzales.com,23872143,true,true,true
Jenkins_27fe6,Brandi Jenkins,Brandi,Jenkins,19651228,Brandi_Jenkins@miller.com,79308567,true,true,true
Haynes_18bc2,Amy Haynes,Amy,Haynes,19600314,Amy_Haynes@levy.com,41563455,true,true,true
Roberts_d606a,John Roberts,John,Roberts,19540315,John_Roberts@hendricks.com,16513279,true,true,true
Nelson_fde1d,Carrie Nelson,Carrie,Nelson,19510609,Carrie_Nelson@archer-murphy.com,49242255,true,true,true
Hood_bb6b9,Jacob Hood,Jacob,Hood,19560208,Jacob_Hood@evans.com,24204143,true,true,true
Charles_02485,Tracy Charles,Tracy,Charles,19931108,Tracy_Charles@rowe.com,62200511,true,true,true
Johnson_56e3d,Brandon Johnson,Brandon,Johnson,19850310,Brandon_Johnson@ramirez.com,60862935,true,true,true
Nelson_f7fc3,Wendy Nelson,Wendy,Nelson,19650108,Wendy_Nelson@day.com,59119063,true,true,true
Ramsey_843ef,Jasmine Ramsey,Jasmine,Ramsey,19500407,Jasmine_Ramsey@jackson.com,16447279,true,true,true
Beltran_b42ac,William Beltran,William,Beltran,19850313,William_Beltran@bean.com,16495975,true,true,true
Stuart_08df4,Gerald Stuart,Gerald,Stuart,19951008,Gerald_Stuart@strong.net,98421991,true,true,true
Vaughan_40056,Jacob Vaughan,Jacob,Vaughan,19830908,Jacob_Vaughan@martinez.com,69615007,true,true,true
Fuentes_0598c,Matthew Fuentes,Matthew,Fuentes,19660329,Matthew_Fuentes@miranda.com,33411447,true,true,true
Carpenter_4acee,April Carpenter,April,Carpenter,19710929,April_Carpenter@page.com,97274415,true,true,true
Garcia_d383b,Rachel Garcia,Rachel,Garcia,19961021,Rachel_Garcia@neal.com,87786127,true,true,true
Madden_d8100,Patrick Madden,Patrick,Madden,19941101,Patrick_Madden@sanders.com,35389647,true,true,true
Myers_96365,Angela Myers,Angela,Myers,19740126,Angela_Myers@rodriguez.com,59457063,true,true,true
Baker_726e6,Wayne Baker,Wayne,Baker,19671227,Wayne_Baker@brown.com,92067207,true,true,true
Cox_c2d50,Haley Cox,Haley,Cox,19641001,Haley_Cox@lewis.com,27911351,true,true,true
Sanders_65a5d,Dan Sanders,Dan,Sanders,19500813,Dan_Sanders@klein-hernandez.com,30043759,true,true,true
Fisher_cd40a,Thomas Fisher,Thomas,Fisher,19850415,Thomas_Fisher@phillips.com,99090999,true,true,true
Lopez_d2a7d,Taylor Lopez,Taylor,Lopez,19570522,Taylor_Lopez@jones-salazar.com,17889439,true,true,true
Macias_b438f,Jeffrey Macias,Jeffrey,Macias,19901003,Jeffrey_Macias@cox.com,98485783,true,true,true
Drake_a32f0,Brian Drake,Brian,Drake,19620211,Brian_Drake@hurst-price.net,83466007,true,true,true
Jordan_26d57,Timothy Jordan,Timothy,Jordan,19991228,Timothy_Jordan@young.com,77411263,true,true,true
Leblanc_25e89,Kathy Leblanc,Kathy,Leblanc,19810227,Kathy_Leblanc@warren-gray.com,69067343,true,true,true
Floyd_ee7c0,William Floyd,William,Floyd,19720713,William_Floyd@duran.com,27758191,true,true,true
Hayden_44dbe,Angela Hayden,Angela,Hayden,19960623,Angela_Hayden@barry.net,28574351,true,true,true
Hodges_c3205,Renee Hodges,Renee,Hodges,19871228,Renee_Hodges@hamilton.com,63899519,true,true,true
Miller_b1a7b,Samantha Miller,Samantha,Miller,19650406,Samantha_Miller@mcmahon.com,41451647,true,true,true
Orozco_32e5d,Lauren Orozco,Lauren,Orozco,20000126,Lauren_Orozco@sanchez.com,71540231,true,true,true
Owen_1c1c8,April Owen,April,Owen,19670923,April_Owen@sanchez.com,16552967,true,true,true
Evan_eeae9,Mr. Evan Russell,Mr.,Evan,19590120,Evan_Russell@ferguson.net,75209343,true,true,true
Castaneda_1e9a5,Brent Castaneda,Brent,Castaneda,19580307,Brent_Castaneda@garcia.com,80875871,true,true,true
Peters_62c2d,Gregory Peters,Gregory,Peters,19900902,Gregory_Peters@ray.net,78256247,true,true,true
Salazar_8a391,Matthew Salazar,Matthew,Salazar,19991211,Matthew_Salazar@jones-jones.com,50895327,true,true,true
Martinez_fa7cb,Natasha Martinez,Natasha,Martinez,19680418,Natasha_Martinez@west.com,55194439,true,true,true
Powell_89e26,Charles Powell,Charles,Powell,19970906,Charles_Powell@knight.com,47215879,true,true,true
Powell_c3379,Brian Powell,Brian,Powell,19591115,Brian_Powell@hernandez.com,67153775,true,true,true
Sandoval_6592d,Laura Sandoval,Laura,Sandoval,19860913,Laura_Sandoval@brown.com,17475623,true,true,true
Charles_bc4a4,Mr. Charles Gonzalez,Mr.,Charles,19710404,Charles_Gonzalez@navarro.com,94465511,true,true,true
Caldwell_92d76,Nicholas Caldwell,Nicholas,Caldwell,19770714,Nicholas_Caldwell@hurley-bass.com,42525999,true,true,true
Wyatt_ac546,Brian Wyatt,Brian,Wyatt,19581211,Brian_Wyatt@wright-young.com,63631399,true,true,true
Garcia_a540e,Ryan Garcia,Ryan,Garcia,19930815,Ryan_Garcia@vazquez-wells.com,26856535,true,true,true
Anderson_a86c0,Megan Anderson,Megan,Anderson,19700729,Megan_Anderson@wilson-murillo.com,21736903,true,true,true
Hughes_5403f,Pamela Hughes,Pamela,Hughes,19870613,Pamela_Hughes@charles-costa.com,40181295,true,true,true
Scott_af31d,Tiffany Scott,Tiffany,Scott,19861110,Tiffany_Scott@davis.com,76272207,true,true,true
Conway_b17c3,Stanley Conway,Stanley,Conway,19850905,Stanley_Conway@adams.com,71853567,true,true,true
Petty_89b4f,Yolanda Petty,Yolanda,Petty,19910125,Yolanda_Petty@dunlap-brown.com,69674519,true,true,true
Jones_7290c,Tara Jones,Tara,Jones,19850303,Tara_Jones@blankenship.net,49275455,true,true,true
Williams_c20d3,George Williams,George,Williams,19810319,George_Williams@patton.com,69991287,true,true,true
Allen_8c000,Lori Allen,Lori,Allen,20020916,Lori_Allen@valdez-phillips.com,28175727,true,true,true
Kelly_0c61d,Charles Kelly,Charles,Kelly,19690401,Charles_Kelly@dalton.com,62777351,true,true,true
Villa_19bdd,Jonathan Villa,Jonathan,Villa,19751203,Jonathan_Villa@suarez.com,80471287,true,true,true
Jackson_40b1b,Cindy Jackson,Cindy,Jackson,19670727,Cindy_Jackson@garcia-burch.com,60954247,true,true,true
Williams_09feb,Scott Williams,Scott,Williams,19800803,Scott_Williams@keller-wong.com,85799255,true,true,true
Hernandez_04544,Dylan Hernandez,Dylan,Hernandez,19950301,Dylan_Hernandez@singleton-johnson.com,31405951,true,true,true
Garcia_6967c,Michelle Garcia,Michelle,Garcia,19801017,Michelle_Garcia@lynch.com,52895823,true,true,true
Bailey_255ab,Matthew Bailey,Matthew,Bailey,19870728,Matthew_Bailey@benjamin.com,39436023,true,true,true
Flynn_066c3,Curtis Flynn,Curtis,Flynn,19780926,Curtis_Flynn@cook-drake.com,58787463,true,true,true
Perez_7a5c3,Thomas Perez,Thomas,Perez,19630220,Thomas_Perez@greene-lopez.com,96377439,true,true,true
Kline_e724e,Sheri Kline,Sheri,Kline,19940609,Sheri_Kline@hinton.com,33546343,true,true,true
Jeff_4cd37,Mr. Jeff Baker,Mr.,Jeff,19670424,Jeff_Baker@bentley.com,57871767,true,true,true
Johnson_a3713,Robert Johnson,Robert,Johnson,19520518,Robert_Johnson@burnett.org,42600607,true,true,true
Thomas_2a3b9,Shannon Thomas,Shannon,Thomas,19680903,Shannon_Thomas@dawson-alexander.com,18892279,true,true,true
Murray_8d3f7,Jeffrey Murray,Jeffrey,Murray,19821221,Jeffrey_Murray@jones.net,27473887,true,true,true
Wagner_83f4e,Kristin Wagner,Kristin,Wagner,19970129,Kristin_Wagner@clayton.com,66045343,true,true,true
Shea_abeb3,Nicole Shea,Nicole,Shea,19560102,Nicole_Shea@mcclure.com,28795599,true,true,true
